image_path,label_path
/Users/siva/Desktop/KneeSeg2Fit/data/../data/synth_seg/images/train_000.npy,/Users/siva/Desktop/KneeSeg2Fit/data/../data/synth_seg/labels/train_000.npy
/Users/siva/Desktop/KneeSeg2Fit/data/../data/synth_seg/images/train_001.npy,/Users/siva/Desktop/KneeSeg2Fit/data/../data/synth_seg/labels/train_001.npy
/Users/siva/Desktop/KneeSeg2Fit/data/../data/synth_seg/images/train_002.npy,/Users/siva/Desktop/KneeSeg2Fit/data/../data/synth_seg/labels/train_002.npy
/Users/siva/Desktop/KneeSeg2Fit/data/../data/synth_seg/images/train_003.npy,/Users/siva/Desktop/KneeSeg2Fit/data/../data/synth_seg/labels/train_003.npy
/Users/siva/Desktop/KneeSeg2Fit/data/../data/synth_seg/images/train_004.npy,/Users/siva/Desktop/KneeSeg2Fit/data/../data/synth_seg/labels/train_004.npy
/Users/siva/Desktop/KneeSeg2Fit/data/../data/synth_seg/images/train_005.npy,/Users/siva/Desktop/KneeSeg2Fit/data/../data/synth_seg/labels/train_005.npy
/Users/siva/Desktop/KneeSeg2Fit/data/../data/synth_seg/images/train_006.npy,/Users/siva/Desktop/KneeSeg2Fit/data/../data/synth_seg/labels/train_006.npy
/Users/siva/Desktop/KneeSeg2Fit/data/../data/synth_seg/images/train_007.npy,/Users/siva/Desktop/KneeSeg2Fit/data/../data/synth_seg/labels/train_007.npy
/Users/siva/Desktop/KneeSeg2Fit/data/../data/synth_seg/images/train_008.npy,/Users/siva/Desktop/KneeSeg2Fit/data/../data/synth_seg/labels/train_008.npy
/Users/siva/Desktop/KneeSeg2Fit/data/../data/synth_seg/images/train_009.npy,/Users/siva/Desktop/KneeSeg2Fit/data/../data/synth_seg/labels/train_009.npy
/Users/siva/Desktop/KneeSeg2Fit/data/../data/synth_seg/images/train_010.npy,/Users/siva/Desktop/KneeSeg2Fit/data/../data/synth_seg/labels/train_010.npy
/Users/siva/Desktop/KneeSeg2Fit/data/../data/synth_seg/images/train_011.npy,/Users/siva/Desktop/KneeSeg2Fit/data/../data/synth_seg/labels/train_011.npy
/Users/siva/Desktop/KneeSeg2Fit/data/../data/synth_seg/images/train_012.npy,/Users/siva/Desktop/KneeSeg2Fit/data/../data/synth_seg/labels/train_012.npy
/Users/siva/Desktop/KneeSeg2Fit/data/../data/synth_seg/images/train_013.npy,/Users/siva/Desktop/KneeSeg2Fit/data/../data/synth_seg/labels/train_013.npy
/Users/siva/Desktop/KneeSeg2Fit/data/../data/synth_seg/images/train_014.npy,/Users/siva/Desktop/KneeSeg2Fit/data/../data/synth_seg/labels/train_014.npy
/Users/siva/Desktop/KneeSeg2Fit/data/../data/synth_seg/images/train_015.npy,/Users/siva/Desktop/KneeSeg2Fit/data/../data/synth_seg/labels/train_015.npy
/Users/siva/Desktop/KneeSeg2Fit/data/../data/synth_seg/images/train_016.npy,/Users/siva/Desktop/KneeSeg2Fit/data/../data/synth_seg/labels/train_016.npy
/Users/siva/Desktop/KneeSeg2Fit/data/../data/synth_seg/images/train_017.npy,/Users/siva/Desktop/KneeSeg2Fit/data/../data/synth_seg/labels/train_017.npy
/Users/siva/Desktop/KneeSeg2Fit/data/../data/synth_seg/images/train_018.npy,/Users/siva/Desktop/KneeSeg2Fit/data/../data/synth_seg/labels/train_018.npy
/Users/siva/Desktop/KneeSeg2Fit/data/../data/synth_seg/images/train_019.npy,/Users/siva/Desktop/KneeSeg2Fit/data/../data/synth_seg/labels/train_019.npy
/Users/siva/Desktop/KneeSeg2Fit/data/../data/synth_seg/images/train_020.npy,/Users/siva/Desktop/KneeSeg2Fit/data/../data/synth_seg/labels/train_020.npy
/Users/siva/Desktop/KneeSeg2Fit/data/../data/synth_seg/images/train_021.npy,/Users/siva/Desktop/KneeSeg2Fit/data/../data/synth_seg/labels/train_021.npy
/Users/siva/Desktop/KneeSeg2Fit/data/../data/synth_seg/images/train_022.npy,/Users/siva/Desktop/KneeSeg2Fit/data/../data/synth_seg/labels/train_022.npy
/Users/siva/Desktop/KneeSeg2Fit/data/../data/synth_seg/images/train_023.npy,/Users/siva/Desktop/KneeSeg2Fit/data/../data/synth_seg/labels/train_023.npy
/Users/siva/Desktop/KneeSeg2Fit/data/../data/synth_seg/images/train_024.npy,/Users/siva/Desktop/KneeSeg2Fit/data/../data/synth_seg/labels/train_024.npy
/Users/siva/Desktop/KneeSeg2Fit/data/../data/synth_seg/images/train_025.npy,/Users/siva/Desktop/KneeSeg2Fit/data/../data/synth_seg/labels/train_025.npy
/Users/siva/Desktop/KneeSeg2Fit/data/../data/synth_seg/images/train_026.npy,/Users/siva/Desktop/KneeSeg2Fit/data/../data/synth_seg/labels/train_026.npy
/Users/siva/Desktop/KneeSeg2Fit/data/../data/synth_seg/images/train_027.npy,/Users/siva/Desktop/KneeSeg2Fit/data/../data/synth_seg/labels/train_027.npy
/Users/siva/Desktop/KneeSeg2Fit/data/../data/synth_seg/images/train_028.npy,/Users/siva/Desktop/KneeSeg2Fit/data/../data/synth_seg/labels/train_028.npy
/Users/siva/Desktop/KneeSeg2Fit/data/../data/synth_seg/images/train_029.npy,/Users/siva/Desktop/KneeSeg2Fit/data/../data/synth_seg/labels/train_029.npy
/Users/siva/Desktop/KneeSeg2Fit/data/../data/synth_seg/images/train_030.npy,/Users/siva/Desktop/KneeSeg2Fit/data/../data/synth_seg/labels/train_030.npy
/Users/siva/Desktop/KneeSeg2Fit/data/../data/synth_seg/images/train_031.npy,/Users/siva/Desktop/KneeSeg2Fit/data/../data/synth_seg/labels/train_031.npy
/Users/siva/Desktop/KneeSeg2Fit/data/../data/synth_seg/images/train_032.npy,/Users/siva/Desktop/KneeSeg2Fit/data/../data/synth_seg/labels/train_032.npy
/Users/siva/Desktop/KneeSeg2Fit/data/../data/synth_seg/images/train_033.npy,/Users/siva/Desktop/KneeSeg2Fit/data/../data/synth_seg/labels/train_033.npy
/Users/siva/Desktop/KneeSeg2Fit/data/../data/synth_seg/images/train_034.npy,/Users/siva/Desktop/KneeSeg2Fit/data/../data/synth_seg/labels/train_034.npy
/Users/siva/Desktop/KneeSeg2Fit/data/../data/synth_seg/images/train_035.npy,/Users/siva/Desktop/KneeSeg2Fit/data/../data/synth_seg/labels/train_035.npy
/Users/siva/Desktop/KneeSeg2Fit/data/../data/synth_seg/images/train_036.npy,/Users/siva/Desktop/KneeSeg2Fit/data/../data/synth_seg/labels/train_036.npy
/Users/siva/Desktop/KneeSeg2Fit/data/../data/synth_seg/images/train_037.npy,/Users/siva/Desktop/KneeSeg2Fit/data/../data/synth_seg/labels/train_037.npy
/Users/siva/Desktop/KneeSeg2Fit/data/../data/synth_seg/images/train_038.npy,/Users/siva/Desktop/KneeSeg2Fit/data/../data/synth_seg/labels/train_038.npy
/Users/siva/Desktop/KneeSeg2Fit/data/../data/synth_seg/images/train_039.npy,/Users/siva/Desktop/KneeSeg2Fit/data/../data/synth_seg/labels/train_039.npy
/Users/siva/Desktop/KneeSeg2Fit/data/../data/synth_seg/images/train_040.npy,/Users/siva/Desktop/KneeSeg2Fit/data/../data/synth_seg/labels/train_040.npy
/Users/siva/Desktop/KneeSeg2Fit/data/../data/synth_seg/images/train_041.npy,/Users/siva/Desktop/KneeSeg2Fit/data/../data/synth_seg/labels/train_041.npy
/Users/siva/Desktop/KneeSeg2Fit/data/../data/synth_seg/images/train_042.npy,/Users/siva/Desktop/KneeSeg2Fit/data/../data/synth_seg/labels/train_042.npy
/Users/siva/Desktop/KneeSeg2Fit/data/../data/synth_seg/images/train_043.npy,/Users/siva/Desktop/KneeSeg2Fit/data/../data/synth_seg/labels/train_043.npy
/Users/siva/Desktop/KneeSeg2Fit/data/../data/synth_seg/images/train_044.npy,/Users/siva/Desktop/KneeSeg2Fit/data/../data/synth_seg/labels/train_044.npy
/Users/siva/Desktop/KneeSeg2Fit/data/../data/synth_seg/images/train_045.npy,/Users/siva/Desktop/KneeSeg2Fit/data/../data/synth_seg/labels/train_045.npy
/Users/siva/Desktop/KneeSeg2Fit/data/../data/synth_seg/images/train_046.npy,/Users/siva/Desktop/KneeSeg2Fit/data/../data/synth_seg/labels/train_046.npy
/Users/siva/Desktop/KneeSeg2Fit/data/../data/synth_seg/images/train_047.npy,/Users/siva/Desktop/KneeSeg2Fit/data/../data/synth_seg/labels/train_047.npy
/Users/siva/Desktop/KneeSeg2Fit/data/../data/synth_seg/images/train_048.npy,/Users/siva/Desktop/KneeSeg2Fit/data/../data/synth_seg/labels/train_048.npy
/Users/siva/Desktop/KneeSeg2Fit/data/../data/synth_seg/images/train_049.npy,/Users/siva/Desktop/KneeSeg2Fit/data/../data/synth_seg/labels/train_049.npy
/Users/siva/Desktop/KneeSeg2Fit/data/../data/synth_seg/images/train_050.npy,/Users/siva/Desktop/KneeSeg2Fit/data/../data/synth_seg/labels/train_050.npy
/Users/siva/Desktop/KneeSeg2Fit/data/../data/synth_seg/images/train_051.npy,/Users/siva/Desktop/KneeSeg2Fit/data/../data/synth_seg/labels/train_051.npy
/Users/siva/Desktop/KneeSeg2Fit/data/../data/synth_seg/images/train_052.npy,/Users/siva/Desktop/KneeSeg2Fit/data/../data/synth_seg/labels/train_052.npy
/Users/siva/Desktop/KneeSeg2Fit/data/../data/synth_seg/images/train_053.npy,/Users/siva/Desktop/KneeSeg2Fit/data/../data/synth_seg/labels/train_053.npy
/Users/siva/Desktop/KneeSeg2Fit/data/../data/synth_seg/images/train_054.npy,/Users/siva/Desktop/KneeSeg2Fit/data/../data/synth_seg/labels/train_054.npy
/Users/siva/Desktop/KneeSeg2Fit/data/../data/synth_seg/images/train_055.npy,/Users/siva/Desktop/KneeSeg2Fit/data/../data/synth_seg/labels/train_055.npy
/Users/siva/Desktop/KneeSeg2Fit/data/../data/synth_seg/images/train_056.npy,/Users/siva/Desktop/KneeSeg2Fit/data/../data/synth_seg/labels/train_056.npy
/Users/siva/Desktop/KneeSeg2Fit/data/../data/synth_seg/images/train_057.npy,/Users/siva/Desktop/KneeSeg2Fit/data/../data/synth_seg/labels/train_057.npy
/Users/siva/Desktop/KneeSeg2Fit/data/../data/synth_seg/images/train_058.npy,/Users/siva/Desktop/KneeSeg2Fit/data/../data/synth_seg/labels/train_058.npy
/Users/siva/Desktop/KneeSeg2Fit/data/../data/synth_seg/images/train_059.npy,/Users/siva/Desktop/KneeSeg2Fit/data/../data/synth_seg/labels/train_059.npy
/Users/siva/Desktop/KneeSeg2Fit/data/../data/synth_seg/images/train_060.npy,/Users/siva/Desktop/KneeSeg2Fit/data/../data/synth_seg/labels/train_060.npy
/Users/siva/Desktop/KneeSeg2Fit/data/../data/synth_seg/images/train_061.npy,/Users/siva/Desktop/KneeSeg2Fit/data/../data/synth_seg/labels/train_061.npy
/Users/siva/Desktop/KneeSeg2Fit/data/../data/synth_seg/images/train_062.npy,/Users/siva/Desktop/KneeSeg2Fit/data/../data/synth_seg/labels/train_062.npy
/Users/siva/Desktop/KneeSeg2Fit/data/../data/synth_seg/images/train_063.npy,/Users/siva/Desktop/KneeSeg2Fit/data/../data/synth_seg/labels/train_063.npy
/Users/siva/Desktop/KneeSeg2Fit/data/../data/synth_seg/images/train_064.npy,/Users/siva/Desktop/KneeSeg2Fit/data/../data/synth_seg/labels/train_064.npy
/Users/siva/Desktop/KneeSeg2Fit/data/../data/synth_seg/images/train_065.npy,/Users/siva/Desktop/KneeSeg2Fit/data/../data/synth_seg/labels/train_065.npy
/Users/siva/Desktop/KneeSeg2Fit/data/../data/synth_seg/images/train_066.npy,/Users/siva/Desktop/KneeSeg2Fit/data/../data/synth_seg/labels/train_066.npy
/Users/siva/Desktop/KneeSeg2Fit/data/../data/synth_seg/images/train_067.npy,/Users/siva/Desktop/KneeSeg2Fit/data/../data/synth_seg/labels/train_067.npy
/Users/siva/Desktop/KneeSeg2Fit/data/../data/synth_seg/images/train_068.npy,/Users/siva/Desktop/KneeSeg2Fit/data/../data/synth_seg/labels/train_068.npy
/Users/siva/Desktop/KneeSeg2Fit/data/../data/synth_seg/images/train_069.npy,/Users/siva/Desktop/KneeSeg2Fit/data/../data/synth_seg/labels/train_069.npy
/Users/siva/Desktop/KneeSeg2Fit/data/../data/synth_seg/images/train_070.npy,/Users/siva/Desktop/KneeSeg2Fit/data/../data/synth_seg/labels/train_070.npy
/Users/siva/Desktop/KneeSeg2Fit/data/../data/synth_seg/images/train_071.npy,/Users/siva/Desktop/KneeSeg2Fit/data/../data/synth_seg/labels/train_071.npy
/Users/siva/Desktop/KneeSeg2Fit/data/../data/synth_seg/images/train_072.npy,/Users/siva/Desktop/KneeSeg2Fit/data/../data/synth_seg/labels/train_072.npy
/Users/siva/Desktop/KneeSeg2Fit/data/../data/synth_seg/images/train_073.npy,/Users/siva/Desktop/KneeSeg2Fit/data/../data/synth_seg/labels/train_073.npy
/Users/siva/Desktop/KneeSeg2Fit/data/../data/synth_seg/images/train_074.npy,/Users/siva/Desktop/KneeSeg2Fit/data/../data/synth_seg/labels/train_074.npy
/Users/siva/Desktop/KneeSeg2Fit/data/../data/synth_seg/images/train_075.npy,/Users/siva/Desktop/KneeSeg2Fit/data/../data/synth_seg/labels/train_075.npy
/Users/siva/Desktop/KneeSeg2Fit/data/../data/synth_seg/images/train_076.npy,/Users/siva/Desktop/KneeSeg2Fit/data/../data/synth_seg/labels/train_076.npy
/Users/siva/Desktop/KneeSeg2Fit/data/../data/synth_seg/images/train_077.npy,/Users/siva/Desktop/KneeSeg2Fit/data/../data/synth_seg/labels/train_077.npy
/Users/siva/Desktop/KneeSeg2Fit/data/../data/synth_seg/images/train_078.npy,/Users/siva/Desktop/KneeSeg2Fit/data/../data/synth_seg/labels/train_078.npy
/Users/siva/Desktop/KneeSeg2Fit/data/../data/synth_seg/images/train_079.npy,/Users/siva/Desktop/KneeSeg2Fit/data/../data/synth_seg/labels/train_079.npy
